RTF,AP,HP,AtP,SRS
,1.000000,0.272626,0.998669,0.757098
