RTF,AP,HP,AtP,SRS
,1.000000,0.281500,0.998669,0.760056
